sentence,politeness
anyway probably ss ss remember dm anyway orders especially probably remains especially remains probably anyway also um especially translate translate db probably especially the the the the the the the the the the the unexpected the the the the the the the the the the the the the the the the the the the the the the the the the the the the the the the the the the the the the the the the the,[23.050285]
anyway probably ss ss remember dm anyway guarantees especially probably remains especially remains probably anyway also um especially translate translate the the the the the the the the the the the the the the unexpected the the the the the the the the the the the the the the the the the the the the the the the the the the the the the the the the the the the the the the the the the,[24.447777]
anyway probably ss ss remember dm anyway guarantees especially probably remains especially remains probably anyway also um especially translate translate db the especially the the the the the the the the the the the unexpected the the the the the the the the the the the the the the the the the the the the the the the the the the the the the the the the the the the the the the the the the,[23.323809]
anyway probably ss ss remember dm anyway orders especially probably remains especially remains probably anyway also um especially translate translate db probably especially probably divide screenshots adopt also mem endorsed pharmacies cio remains nascar unexpected fossil resumes the the deep the the the the the the the the the the the the the the the the bone the the the the the the the the the the the the the the the the the the the,[19.271034]
anyway probably ss sucks remember um anyway insert especially probably remains especially facts probably anyway also kinda especially translate tells how probably occurs sacrifice divide screenshots probably also mem endorsed pharmacies camps remains reverse unexpected sr churches emails admissions senator exciting cancel ideal seems participation progress faculty newspapers merry remained anyway currently meant variation usual files bone row produced herbs storm highlights carey gene central warehouse lifestyle convertible garmin counts poison sally through glow travels convert,[12.28513]
anyway probably ss ss remember dm anyway orders especially probably remains especially remains probably anyway also um especially translate translate nasty the the the the the the the the the the the the the unexpected the the the the the the the the the the the the the the the the the the the the the the the the the the the the the the the the the the the the the the the the the,[23.931889]
anyway ours anyway yeah remember actually anyway offered denial ought is especially ought ought going ought actually occurs let tests how kind consider philosophy amendments thumbs results also mem endorsed reaction continues ourselves reverse unexpected imagine particles impression continued forward came bukkake schema speaks mega pn engaged newspapers trends remained purchases royalty could blowjobs mud moisture bone bother team pushing hearings highlights playboy clause fisheries blame senior subscriptions pn results partnership norton intelligence classifieds saw sc,[3.9555326]
anyway probably ss ss remember dm anyway guarantees especially probably remains especially remains probably anyway also um especially translate translate db the the the the the the the the the the the the the unexpected the the the the the the the the the the the the the the the the the the the the the the the the the the the the the the the the the the the the the the the the the,[23.61981]
anyway probably ss ss remember dm anyway orders especially probably remains especially remains probably anyway also um especially translate translate db probably especially probably strengthen screenshots probably also mem endorsed pharmacies camps remains reverse unexpected sr syria poll year buyers includes announces galaxy seems participation officer faculty journalism decision remained anyway currently translate variation as files bone row fed herbs officer highlights vienna gene plastics lovely intention convertible garmin counts poison sally through free travels converted,[15.365593]
anyway probably ss ss remember dm anyway orders especially probably remains especially remains probably anyway also um especially translate translate course probably especially probably divide screenshots adopt also mem endorsed pharmacies refugees remains the unexpected the the the the the the the the the the the the the the the the the the the the the bone the the the the the the the the the the the the the the the the the the the,[19.482704]
anyway probably ss ss remember dm anyway orders especially probably remains especially facts probably anyway also um especially translate translate boring probably especially probably fixed outcomes adopt also mem endorsed pharmacies cio remains reverse unexpected fossil syria poll causes senator guards announces industry seems participation reserve faculty journalism flame remained anyway currently meant variation usual files bone hosts appropriations herbs officer highlights vienna bodies plastics falls wave adjusted garmin counts poison sally ir free travels converted,[14.067936]
anyway probably additionally sucks remember um anyway offered especially probably remains especially statements probably anyway also actually especially translate translate fail policy occurs kind fixed screenshots adopt also node endorsed pharmacies cross is father unexpected imagine is disclaimers rather buyers guards failed parameters seems participation instrumental faculty journalism reverse remained anyway line meant blowjobs as files bone row appropriations herbs opposed highlights madrid clause central warehouse senior changed garmin counts poison sally through toner saw converted,[10.093923]
anyway might anyway yeah suppose actually anyway request yeah ought news involves ought ought wake ought rather protocol let images thinks developments renewal seems amendments thumbs developments developments involves motel refused headed subscribe would unexpected hypothetical wash proposal was snap follows ala connection statement triple proceedings resolutions described funk circumstances transactions royalty would la resolution particles initiatives followed amendments senate reflection wake results arbitration signed correspondence lifestyle discussions plans amendments partnership lolita bloody movements saw tx,[1.8528163]
anyway probably ss sucks remember dm anyway guarantees especially probably remains especially basement probably anyway likely um especially translate translate how probably especially sacrifice divide screenshots adopt also mem endorsed pharmacies la remains letter unexpected fossil syria disclaimers eating buyers dresses mandatory draws somewhat participation officer faculty newspapers flame remained anyway currently meant variation including files bone row fed herbs officer highlights carey gene plastics falls wave changed garmin counts poison sally through free travels learning,[12.69806]
anyway might anyway was think actually anyway offered yeah ought is especially ought rather logical ought spin please let print thinks spin consider seems amendments thumbs developments developments speed convention refused theories media father unexpected compare particles proposal circumstances snap came ala prospective statement relations pn resolutions newspapers funk circumstances acquisitions royalty did springs resolution moisture initiatives followed knit senate reflection wake results clause signed blame senior discussions plans amendments partnership ruled bloody movements saw texts,[2.360043]
anyway probably ss sucks remember dm anyway orders especially probably remains especially facts probably anyway also yeah especially translate translate how probably especially sacrifice defined screenshots adopt also node endorsed marker cio remains letter unexpected imagine churches poll causes buyers includes failed ideal seems participation reserve engaged newspapers nirvana remained anyway currently meant variation usual files bone representative produced herbs officer warned wit gene plastics lovely wave changed garmin counts poison sally ir free se convert,[12.85969]
anyway probably ss ss remember dm anyway orders especially probably remains especially remains probably anyway also um especially translate translate db the especially the the the the the the the the the the the unexpected the the the the the the the the the the the the the the the the the the the the the the the the the the the the the the the the the the the the the the the the the,[23.289358]
anyway probably ss ss remember dm anyway orders especially probably remains especially remains probably anyway also um especially translate translate boring probably especially probably divide screenshots adopt also mem endorsed the the remains the unexpected the the the the the the the the the the the the the the the the the the the the the bone the the the the the the the the the the the the the the the the the the the,[20.275671]
anyway probably ss ss remember dm anyway guarantees especially probably remains especially remains probably anyway also um especially translate translate db probably especially probably divide screenshots adopt also mem endorsed pharmacies cio remains letter unexpected fossil resumes the the buyers the announced the the cu the the the the the the the the the the the bone the the the the the the the the the the the the the the the the the the the,[19.004593]
anyway might anyway yeah think actually anyway offered yeah ought is is ought ought logical ought rather protocol allow images thinks developments consider is amendments thumbs developments controversy connection representatives senate continues media letter unexpected compare wash proposal year forward gave ala statutes statement relations was resolutions observations results circumstances acquisitions royalty could la mud moisture appointed followed amendments pushing flows developments results version signed blame party discussions plans amendments partnership ruled newspapers dirty saw collections,[2.2291944]
anyway probably ss ss remember dm anyway guarantees especially probably remains especially remains probably anyway also um especially translate translate db ought especially probably the the the the the the the the the the unexpected the the the the the the the the the the the the the the the the the the the the the the the the the the the the the the the the the the the the the the the the the,[22.60186]
anyway probably ss ss remember dm anyway guarantees especially probably remains especially remains probably anyway also um especially translate translate boring probably especially probably divide screenshots adopt also templates endorsed the the remains the unexpected the the the the the the the the the the the the the the the the the the the the the bone the the the the the the the the the the the the the the the the the the the,[20.538937]
anyway probably ss ss remember dm anyway orders especially probably remains especially remains probably anyway also um especially translate translate db probably especially probably divide screenshots adopt also mem endorsed pharmacies refugees remains columns unexpected newspapers syria disclaimers movies buyers guards starring industry seems cu officer faculty italic proposal remained anyway term translate the wish files bone representative fed cattle officer saved the nickel plastics falls wave oriented kong suicide poison sally changed free speaks determination,[17.843191]
anyway probably ss sucks remember dm anyway guarantees especially probably remains especially basement probably anyway also yeah especially translate translate boring pays especially sacrifice converted screenshots adopt also mem endorsed pharmacies cio remains letter unexpected fossil syria disclaimers thereafter buyers plus announces ideal seems ons officer faculty newspapers flame remained anyway currently translate variation monster files bone representative appropriations herbs storm highlights ciao nano plastics warehouse wave strips garmin counts poison sally through naturally travels convert,[12.180938]
anyway kind anyway was remember actually anyway offered yeah maybe is especially ought ought going ought rather rule let would strategy would risks philosophy amendments ads results developments digit convention refused headed plans letter unexpected divided pretty bill year saw gave ala statutes talked triple called feelings newspapers trends circumstances transactions royalty could blowjobs mud moisture choir jr appropriations cleared precipitation changes analytical clause fed blame senior has ts counts bloody sally intelligence tired saw sc,[3.3211277]
anyway probably anyway yeah remember um anyway offered denial probably is especially yourself probably anyway ought um regards let tests how would risks philosophy amendments thumbs subscriptions also digit endorsed refused nor watch reverse unexpected imagine lots advertisers thereafter situation exciting bukkake statutes statement ons instrumental beastiality newspapers pace remain yeah royalty could springs madness trunk bone row suggesting cleared opposed highlights analytical clause voting blame politicians double russia counts poison striking through tones saw ir,[5.140348]
anyway probably ss ss remember dm anyway orders especially probably remains especially statements probably anyway also um especially translate translate db probably especially probably divide screenshots adopt also mem endorsed pharmacies cio remains letter unexpected fossil syria disclaimers causes buyers includes starring perfect seems participation officer faculty newspapers spice remained anyway currently meant the other the bone representative appropriations cattle officer saved the mines statements falls intention adjusted perl suicide torture sally allows naturally speaks the,[17.91406]
anyway probably ss ss remember dm anyway guarantees especially probably remains especially remains probably anyway also um especially translate translate db likely especially probably divide screenshots adopt also mem endorsed pharmacies cio remains convert unexpected fossil resumes the the buyers the announced the the cu the the the the the the the the the the the bone the the the the the the the the the the the the the the the the the the the,[18.96643]
anyway probably additionally yeah remember um anyway orders especially probably remains especially yourself probably anyway likely um especially translate tests how kind occurs philosophy allow outcomes adopt also mem endorsed pharmacies continues is letter unexpected imagine lots poll year buyers includes failed parameters somewhat outreach am pix newspapers reverse remained anyway currently meant variation counted taxes bone fill appropriations pushing opposed contributed carey clause plastics by lifestyle convertible garmin counts poison sally through glow saw convert,[8.954459]
anyway probably ss ss remember dm anyway orders especially probably remains especially remains probably anyway also um especially translate translate course probably especially probably leaders screenshots adopt also mem endorsed pharmacies the remains the unexpected the the the the the the the the the the the the the the the the the the the the the bone the the the the the the the the the the the the the the the the the the the,[19.780989]
anyway probably additionally yeah remember um anyway extensions especially probably remains especially basement anyway anyway also actually regards translate would how kind occurs philosophy fixed outcomes adopt also protocol endorsed elsewhere headed is father unexpected compare church represents ecology situation gave booty parameters talked cancellation instrumental anne newspapers reverse unemployment yeah royalty could springs counted files bone mia budgets pushing opposed goes analytical clause fisheries by senior changed garmin counts poison simpson intelligence naturally saw integrate,[7.3976116]
anyway probably ss sucks remember dm anyway guarantees especially probably remains especially remains probably anyway also um especially translate translate db probably especially probably divide screenshots adopt also mem endorsed pharmacies resumes remains columns unexpected fossil resumes disclaimers causes buyers includes announces perfect seems participation advisor faculty italic the remained anyway term translate the other the bone the pm favorites officer the the siemens conventions the attitude adjusted perl the torture sally the the speaks the,[18.040369]
anyway probably ss ss remember dm anyway guarantees especially probably remains especially remains probably anyway also kinda especially translate translate db probably especially probably strengthen screenshots adopt also dm reserves the the remains the unexpected the the the the the the the the the the the the the the the the the the the the the bone the the the the the the the the the the the the the the the the the the the,[20.648697]
anyway probably yeah yeah remember um anyway offered denial probably is especially facts probably anyway ought actually especially let translate how kind occurs philosophy amendments very promotional also protocol endorsed refused trusts is father unexpected imagine churches disclaimers thereafter senator openings reverse logical talked fisting pn members journalism funk remain adsl royalty could blowjobs usual moisture bone row suggested pushing storm wake analytical declaration pest by politicians mileage bb counts poison sally intelligence tones saw integrate,[5.894433]
suppose might ought suppose suppose really afraid sale think ought news involves ought ol wake gossip spin resolution should editions burke plans royalty deluxe thong editions developments resolution involves voted findings continues swingers gave unexpected proceed amendments amendments was snap fashion split follows statement underwear ian latter theoretical forward circumstances acquisitions royalty would remark resolution continues appointed continues amendments treaty developments plans results amendments signed ambassador convention discussions plans amendments negotiations ruled anniversary dirty saw ch,[1.2139723]
anyway probably ss ss remember dm anyway orders especially probably remains especially remains probably anyway also um especially translate translate db probably especially probably divide screenshots adopt also mem endorsed pharmacies cio remains convert unexpected fossil syria ads eating buyers plus announces the the concerts the the the the the anyway the the the the the bone the the the the the the the the the the the the the the the the the the the,[18.714418]
anyway kind anyway yeah remember actually anyway offered yeah maybe is is obviously ought anyway ought stuff regards let dna how would consider philosophy amendments thumbs results apt digit convention refused conclude perfectly reverse unexpected compare wash senators year saw gave split statutes statement ball expressed resolutions newspapers results circumstances acquisitions springs could blowjobs mud particles bone bother amendments diving flows eligibility results turbo voting blame senior discussions russia counts poison ruled failures metabolism saw pharmacology,[2.8420897]
anyway probably ss ss remember dm anyway guarantees especially probably remains especially remains probably anyway also um especially translate translate boring the especially the the the the the the the the the the the unexpected the the the the the the the the the the the the the the the the the the the the the the the the the the the the the the the the the the the the the the the the the,[23.68279]
anyway ours yeah yeah remember actually anyway offered denial probably remains especially yourself probably anyway likely actually regards let would how would occurs philosophy amendments ads promotional also protocol convention elsewhere cross ourselves reverse unexpected imagine lots bill thereafter situation gave reverse parameters statement amendments am conceptual newspapers reverse remained leasing royalty could springs twice caught bone row knit parliamentary precipitation wake girlfriend clause fisheries blame senior convertible bb counts poison sally intelligence tones saw integrate,[5.216995]
anyway probably ss ss remember dm anyway orders especially probably remains especially remains probably anyway also um especially translate translate course probably especially probably divide poster adopt also mem endorsed pharmacies cio remains reverse unexpected fossil syria ads causes buyers guards announces perfect the cu the the the the remains anyway the the the the the bone the the the officer the the the the the the the perl the the the the the the the,[18.480196]
anyway probably ss sucks remember dm anyway orders especially probably remains especially statements probably anyway also kinda especially translate translate boring probably especially probably divide screenshots adopt also mem endorsed pharmacies camps remains letter unexpected fossil resumes emails rather buyers guards starring perfect seems participation officer faculty journalism flame remained anyway currently meant variation usual files bone row fed cattle officer highlights rat gene plastics lovely attitude oriented garmin counts poison sally through free travels converted,[15.812122]
ought suppose anyway was suppose dna afraid investigators yeah ought is involves tactics ought logical ought spin resolution ought editions likes developments intention deluxe amendments editions developments developments involves tranny refused theories will reverse unexpected resolution amendments amendments continuing senators sally split connection statement amendments ian latter continues forward reforms acquisitions royalty would la mud moisture appointed specials amendments treaty taxes plans results spin signed ambassador convention discussions plans amendments ian ruled newspapers lazy president treasury,[1.319407]
anyway might anyway was remember actually afraid investigators very see is is hypothetical ought pass ought spin rule let pictures thinks developments lifestyle philosophy amendments looks results negative digit voted suggestions entities shall reunion unexpected proceed particles proposal afternoon snap follows sale statutes statement relations pn resolutions newspapers pace circumstances acquisitions lies could springs mud stays initiatives followed amendments parliament prices haiti results arbitration signed reports senior has plans amendments partnership lolita inter dirty saw ch,[1.9526869]
anyway probably ss ss remember dm anyway insert especially probably remains especially remains probably anyway also um especially translate translate db probably especially probably strengthen proceed adopt also mem endorsed pharmacies est remains letters unexpected fossil is explanation flowers buyers guards mandatory industry seems participation progress faculty newspapers proposal remained anyway currently translate variation counted files bone row refined herbs officer highlights vienna gene plastics falls attitude strips garmin lenses poison sally through owned travels converted,[17.465342]
anyway probably ss ss remember dm anyway orders especially probably remains especially remains probably anyway also um especially translate translate db probably especially probably strengthen screenshots adopt also mem endorsed pharmacies cio remains letters unexpected fossil syria explanation causes buyers includes announces perfect especially participation officer faculty italic logic remained anyway currently translate springs including files bone row refined cattle officer highlights vienna bodies plastics falls attitude adjusted garmin counts poison sally effectiveness owned travels converted,[16.964262]
anyway probably additionally ss remember um anyway guarantees especially probably remains especially facts probably anyway also um especially translate translate how probably especially sacrifice converted screenshots adopt also mem endorsed pharmacies cio remains columns unexpected imagine churches disclaimers rather buyers includes cancel ideal seems ons progress engaged newspapers reverse remained yeah currently indicated springs other files bone mia suggesting herbs opposed highlights carey gene pest warehouse politicians changed garmin counts poison sally reflect free travels convert,[10.93802]
anyway probably additionally sucks remember um anyway extensions especially probably remains especially basement probably anyway also um especially translate tells how kind occurs sacrifice fixed screenshots adopt also protocol endorsed pharmacies cross is father unexpected newspapers churches explanation wn buyers conclude cancel ideal seems participation instrumental engaged newspapers reverse remained anyway currently meant psi monster files bone hosts suggesting pushing opposed highlights analytical gene plastics by member changed garmin counts poison sally intelligence tones saw convert,[9.658676]
anyway might anyway was suppose actually afraid investigators yeah see news is ought ought going ought rather governing let pair thinks spin consider somewhat amendments editions results aa digit tranny refused une plans reverse unexpected compare particles senators year snap closely split hypothetical statement triple proceedings resolutions newspapers trends remains acquisitions royalty could la mud moisture appointed jr amendments senate positive wake results acquisitions voting saint senior discussions utc amendments interview ruled newspapers ranch saw australian,[1.8226326]
anyway probably ss sucks remember dm anyway offered especially probably remains especially statements probably anyway also um especially translate translate db probably especially probably divide screenshots probably also mem endorsed pharmacies refugees remains reverse unexpected newspapers syria disclaimers causes buyers includes mandatory perfect especially participation instrumental faculty journalism flame remained anyway currently translate variation usual files bone row athletic herbs officer highlights vienna bodies plastics falls wave adjusted garmin lenses poison sally through owned travels converted,[17.038252]
anyway kind anyway yeah remember dm anyway offered yeah probably is requires hypothetical ought anyway ought actually occurs let pair thinks would look philosophy amendments very results text digit convention refused nor news initially unexpected compare wash impression year situation gave reverse schema statement ball was idea newspapers pace remains transactions royalty could rpm resolutions stays bone held knit diving flows contributed results clause fed blame party discussions qc counts infected ruled intelligence iso saw integrate,[3.4959733]
anyway probably ss ss remember dm anyway guarantees especially probably remains especially remains probably anyway also um especially translate the the the the the the the the the the the the the the the unexpected the the the the the the the the the the the the the the the the the the the the the the the the the the the the the the the the the the the the the the the the the,[24.694971]
anyway probably additionally sucks remember dm anyway insert especially probably remains especially basement probably anyway also actually especially translate tests how probably occurs philosophy divide screenshots adopt also mem endorsed pharmacies cross is buck unexpected newspapers lots explanation causes buyers includes cancel ideal seems participation officer engaged newspapers destiny remained anyway currently meant blowjobs counted files bone representative budgets herbs opposed highlights carey gene central by politicians adjusted garmin counts poison sally intelligence switches saw convert,[10.401792]
anyway probably additionally sucks remember dm anyway insert especially probably remains especially facts probably anyway likely actually especially translate translate how policy subjective philosophy fixed thumbs adopt also mem endorsed pharmacies trusts is father unexpected imagine lots poll rather senator conclude cancel ideal somewhat participation instrumental dts newspapers nirvana remained anyway currently did springs madness facts bone row appropriations flour storm highlights madrid clause central wicked senior convertible garmin counts poison sally effectiveness naturally saw ir,[9.697519]
anyway probably ss ss remember dm anyway orders especially probably remains especially remains probably anyway also um especially translate translate db the especially the the the the the the the the the the the unexpected the the the the the the the the the the the the the the the the the the the the the the the the the the the the the the the the the the the the the the the the the,[23.619078]
anyway probably ss ss remember dm anyway insert especially probably remains especially facts probably anyway likely um especially translate translate boring probably occurs sacrifice divide outcomes adopt also mem endorsed pharmacies mai remains reunion unexpected fossil syria disclaimers causes buyers guards starring ideal seems participation reserve faculty journalism flame remained anyway currently translate variation including files bone representative ordered herbs officer warned vienna bodies plastics lovely wave adjusted garmin counts poison sally through naturally travels converted,[15.113369]
anyway probably ss ss remember dm anyway orders especially probably remains especially remains probably anyway also um especially translate translate the the the the the the the the the the the the the the unexpected the the the the the the the the the the the the the the the the the the the the the the the the the the the the the the the the the the the the the the the the the,[24.483095]
anyway probably ss ss remember dm anyway offered especially probably remains especially remains probably anyway also um especially translate translate db probably especially probably leaders screenshots adopt also dm endorsed the the remains the unexpected the the the the the the the the the the the the the the the the the the the the the bone the the the the the the the the the the the the the the the the the the the,[20.611044]
anyway probably ss sucks remember dm anyway guarantees especially probably remains especially remains probably anyway also um especially translate translate db couples especially probably strengthen screenshots adopt also mem endorsed pharmacies cio remains letter unexpected fossil resumes disclaimers rather buyers guards announces perfect the cu the supporting qc the remains anyway the the the the the bone the the the officer the the the the the the the perl the the sally the the the the,[18.421396]
anyway probably ss ss remember dm anyway offered especially probably remains especially remains probably anyway also um especially translate translate db probably occurs probably unified screenshots adopt also mem endorsed pharmacies cio remains convert unexpected sr is disclaimers rather buyers guards mandatory perfect seems participation am faculty newspapers nirvana remained anyway currently meant variation monster files bone row showed cattle officer highlights macedonia gene central warehouse representative adjusted garmin counts poison sally ir free speaks converted,[14.777597]
anyway probably ss ss remember dm anyway offered especially probably remains especially remains probably anyway also um especially translate the the the the the the the the the the the the the the the unexpected the the the the the the the the the the the the the the the the the the the the the the the the the the the the the the the the the the the the the the the the the,[24.927282]
anyway probably ss ss remember dm anyway guarantees especially probably remains especially remains probably anyway also um especially translate translate db the the the the the the the the the the the the the unexpected the the the the the the the the the the the the the the the the the the the the the the the the the the the the the the the the the the the the the the the the the,[23.877491]
anyway probably additionally yeah remember dm anyway offered especially probably remains especially facts probably anyway also yeah especially translate translate how probably occurs philosophy fixed thumbs adopt might node endorsed pharmacies cross remains reverse unexpected imagine churches disclaimers causes senator featuring cancel parameters somewhat cancellation am usual newspapers nirvana remained anyway currently meant springs madness caught bone fill accused pushing opposed highlights vienna surface plastics by politicians strips garmin counts poison sally effectiveness free saw junior,[9.097616]
anyway probably ss ss remember dm anyway orders especially probably remains especially basement probably anyway also um especially translate translate boring pays especially sacrifice divide outcomes adopt also mem endorsed pharmacies cio remains columns unexpected fossil syria disclaimers rather buyers guards starring perfect seems participation reserve faculty journalism flame remained anyway currently meant variation counted files bone row budgets herbs opposed highlights ciao gene plastics warehouse wave adjusted garmin counts poison sally through naturally travels convert,[13.990103]
anyway probably ss ss remember dm anyway offered especially probably remains especially remains probably anyway also um especially translate translate db probably especially probably divide screenshots adopt also mem endorsed pharmacies the remains the unexpected the the the the the the the the the the the the the the the the the the the the the bone the the the the the the the the the the the the the the the the the the the,[19.873056]
anyway probably ss sucks remember dm anyway orders especially probably remains especially remains probably anyway also um especially translate translate db probably especially probably divide screenshots adopt also mem endorsed pharmacies cio remains letter unexpected fossil syria disclaimers causes buyers guards starring perfect seems participation reserve faculty journalism levitra remained anyway currently translate blowjobs including files bone alike fed herbs officer highlights barcelona bodies remarks lovely wave adjusted kong polls poison sally through switches travels learning,[17.553192]
anyway probably additionally sucks remember dm anyway orders especially probably remains especially scenarios probably anyway also um especially translate translate how probably especially sacrifice divide screenshots adopt also mem seats pharmacies headed remains reverse unexpected imagine churches advertisers admissions senator includes announces ideal seems ons instrumental faculty newspapers decision remained anyway currently meant springs usual files bone row appropriations translated officer highlights carey surface nomination lovely politicians convertible garmin counts poison sally effectiveness glow travels convert,[10.864317]
anyway probably ss ss remember dm anyway orders especially probably remains especially remains probably anyway also um especially translate translate db policy especially probably divide screenshots adopt also mem endorsed pharmacies refugees remains reverse unexpected sr churches explanation others buyers includes mandatory ideal seems participation instrumental faculty newspapers flame remained anyway currently meant variation counted files bone representative recovered herbs officer warned vienna gene central lovely wave changed garmin counts poison sally through switches travels converted,[13.7622595]
anyway probably additionally yeah remember um anyway offered especially probably remains especially yourself probably anyway likely actually especially translate would how kind occurs sacrifice fixed thumbs kind also mem endorsed pharmacies la is father unexpected imagine syria explanation admissions buyers gave failed parameters somewhat participation reserve engaged newspapers reverse remained anyway currently would blowjobs including files bone fill appropriations cattle storm highlights carey surface central blame wave changed garmin counts poison sally through tones saw ir,[9.060778]
suppose might anyway suppose merely think going sale very norman fashion involves ought is logical ought rather session sale images burke developments activities deluxe thong editions ended negative came ambassador sisters continues negotiations birthday unexpected proceed amendments amendments was saw highlights split an statements excited ian latter newspapers forward circumstances editions royalty might la mud particles appointed broke amendments parliament reflection amendments results acquisitions belle correspondence complimentary discussions plans amendments negotiations son newspapers dirty saw pleased,[1.190564]
anyway probably ss ss remember dm anyway guarantees especially probably remains especially statements probably anyway also um especially translate translate db probably especially probably strengthen screenshots adopt also mem endorsed pharmacies the remains the unexpected the the the the the the the the the the the the the the the the the the the the the bone the the the the the the the the the the the the the the the the the the the,[19.818304]
anyway probably ss sucks remember dm anyway guarantees especially probably remains especially remains probably anyway also um especially translate translate db probably especially probably strengthen proceed adopt also mem endorsed pharmacies resumes remains the unexpected the the the the the the the the the the the the the the the the the the the the the bone the the the the the the the the the the the the the the the the the the the,[19.678288]
anyway probably ss ss remember dm anyway orders especially probably remains especially facts probably anyway also um especially translate translate boring probably occurs sacrifice divide outcomes adopt also mem endorsed pharmacies cio remains reverse unexpected fossil churches disclaimers causes buyers conclude starring ideal seems ons instrumental engaged journalism merry unemployment anyway currently meant springs monster files bone row fed herbs officer warned analytical gene plastics falls wave convertible garmin counts poison sally through naturally travels convert,[13.075204]
anyway kind anyway yeah remember actually anyway extensions yeah ought is especially ought ought going ought rather regards let dna how would consider philosophy amendments ads results developments identity convention refused conclude watch letter unexpected compare particles impression year saw gave reverse relation statement excited expressed conceptual newspapers pace circumstances arbitration triple could blowjobs resolutions moisture bone victor knit senate storm wake results version fed blame senior has russia counts partnership milf intelligence dryer saw sc,[3.3455]
anyway probably ss ss remember dm anyway orders especially probably remains especially facts probably anyway likely actually especially translate translate how probably especially sacrifice strengthen screenshots probably also mem endorsed pharmacies mai remains letter unexpected sr syria disclaimers causes buyers guards mandatory perfect seems participation officer faculty journalism flame remained anyway currently meant variation other files bone representative appropriations herbs officer highlights analytical gene plastics warehouse wave adjusted garmin counts poison sally through switches travels converted,[13.851873]
anyway might anyway yeah think actually anyway investigators yeah ought is is somebody ought going ought rather rule let urge what spin look philosophy amendments voted results developments adoption convention comparisons theories reporters reverse unexpected imagine wash proposal year saw sally ala statutory statement ball proceedings resolutions newspapers pace circumstances acquisitions royalty could rpm resolutions moisture appointed followed amendments pushing precipitation wake results turbo resorts collections senior discussions plans amendments partnership ruled newspapers movements saw ch,[2.25624]
suppose conventions should would was ought saw sale nicole likes fashion drives implied ol wake ought spin constitution sale images burke continues royalty is thong editions developments sale saw amendments comparisons resolutions became nights unexpected resolution amendments amendments was thongs follows babes follows statement acquisitions proceedings latter described forward circumstances developments royalty developments la resolutions continues amendments follows forward colleague sad developments resolutions spin signed reports convention discussions plans amendments editorial nicole bloody dirty casa ne,[0.8950874]
anyway probably ss ss remember dm anyway orders especially probably remains especially facts probably anyway also um especially translate translate boring probably especially probably fixed screenshots adopt also mem endorsed pharmacies refugees remains letter unexpected fossil churches ads year buyers includes starring ideal seems participation instrumental faculty newspapers flame remained anyway currently meant springs including files bone row produced cattle officer highlights analytical bodies plastics falls attitude changed garmin counts poison sally through free speaks converted,[14.413838]
anyway might anyway is remember actually anyway offered yeah maybe is involves hypothetical ought going ought stuff governing let dna what would lifestyle philosophy amendments ads developments developments digit motel sister theories media reverse unexpected comparisons particles bill thereafter snap fashion split comparisons statement relations pn resolutions appeared pace circumstances acquisitions royalty would rpm yards moisture initiatives followed team parliamentary increases wake results clause signed belle senior double qc amendments partnership ruled intelligence ranch saw integrate,[2.4662554]
anyway probably ss sucks remember dm anyway guarantees especially probably remains especially remains probably anyway also kinda especially translate translate db probably occurs probably divide screenshots probably also mem endorsed pharmacies resumes remains letters unexpected fossil syria explanation admissions officer includes starring perfect seems participation reserve faculty sculpture levitra remained anyway currently meant variation including files bone representative recovered herbs officer warned vienna bodies plastics warehouse wave adjusted garmin counts poison sally through naturally travels convert,[15.943791]
anyway probably ss ss remember dm anyway orders especially probably remains especially remains probably anyway also um especially translate translate boring the especially the the the the the the the the the the the unexpected the the the the the the the the the the the the the the the the the the the the the the the the the the the the the the the the the the the the the the the the the,[23.66356]
anyway probably additionally yeah remember um anyway orders especially probably remains especially yourself probably anyway also actually especially special would how kind occurs philosophy fixed thumbs adopt also median endorsed pharmacies la is reverse unexpected imagine lots disclaimers year senator gave failed parameters talked participation instrumental faculty newspapers reverse remained anyway currently did springs usual caught bone row television peas opposed highlights carey clause pest warehouse politicians adjustments garmin counts poison sally through tones saw integrate,[8.156355]
anyway probably ss sucks remember dm anyway offered especially probably remains especially statements probably anyway also um especially translate translate boring probably especially probably divide screenshots adopt also node endorsed pharmacies cio remains letter unexpected fossil syria disclaimers causes buyers guards starring perfect seems participation progress anne journalism flame remained anyway currently translate variation monster files bone row appropriations herbs officer highlights rat bodies plastics falls intention oriented garmin counts poison sally through naturally travels convert,[16.47904]
anyway probably ss ss remember dm anyway guarantees especially probably remains especially remains probably anyway also kinda especially translate translate db probably especially probably strengthen screenshots adopt also mem endorsed pharmacies cio remains tuner unexpected fossil resumes the the officer the the the the the the the the the the the the the the the the bone the the the the the the the the the the the the the the the the the the the,[19.175137]
anyway probably ss sucks remember dm anyway offered especially probably remains especially basement probably anyway also um especially translate translate how probably occurs sacrifice divide thumbs adopt also mem endorsed pharmacies cio remains reverse unexpected sr syria advertisers causes buyers conclude starring ideal speaks participation reserve faculty newspapers reverse remained anyway currently meant variation usual files bone row showed cattle opposed highlights carey bodies plastics lovely wave changed garmin counts poison sally through free se convert,[11.354092]
anyway probably additionally sucks remember dm anyway orders especially probably remains especially basement probably anyway also actually especially translate translate db probably especially sacrifice strengthen screenshots adopt also mem endorsed pharmacies resumes remains birthday unexpected cast churches ads causes officer includes starring ideal seems reservations officer faculty journalism nirvana remained anyway currently meant variation counted proceeding bone representative ordered herbs opposed highlights carey gene central lovely joining changed garmin counts poison sally highland naturally travels convert,[12.367703]
anyway probably yeah yeah remember um anyway extensions especially probably remains especially facts probably anyway also actually regards translate would how policy you philosophy fixed outcomes adopt also protocol endorsed elsewhere nor is reverse unexpected imagine lots executives ecology situation gave hollywood parameters seems smooth instrumental dt newspapers reverse remained anyway currently could springs usual files bone row appropriations peas president wake carey clause pest blame politicians strips garmin counts poison sally intelligence tones saw australian,[6.908123]
anyway probably ss ss remember dm anyway orders especially probably remains especially remains probably anyway also um especially translate translate db the especially the the the the the the the the the the the unexpected the the the the the the the the the the the the the the the the the the the the the the the the the the the the the the the the the the the the the the the the the,[23.782423]
anyway probably additionally sucks remember dm anyway guarantees especially probably remains especially basement probably anyway also um especially translate tests how probably especially sacrifice unified screenshots adopt also connectors endorsed pharmacies cio remains letter unexpected fossil churches poll year buyers featuring announces ideal seems participation am faculty newspapers merry polls anyway currently meant springs shadow files bone row appropriations cattle officer highlights analytical gene central lovely politicians strips garmin counts poison sally through glow travels convert,[11.511731]
anyway probably additionally yeah remember dm anyway orders especially probably remains especially facts probably anyway likely yeah especially translate proved how policy occurs sacrifice unified screenshots adopt also mem airfare pharmacies camps remains letter unexpected imagine syria disclaimers causes buyers includes starring ideal seems participation reserve members newspapers reverse remained anyway currently ratings variation monster proceeding bone row appropriations herbs opposed contributed carey clause plastics warehouse politicians covers garmin counts poison sally through naturally saw converted,[11.196894]
anyway probably ss sucks remember dm anyway orders especially probably remains especially statements probably anyway likely um especially translate translate db probably especially probably divide screenshots adopt also mem endorsed pharmacies refugees remains reverse unexpected newspapers is disclaimers causes buyers guards mandatory perfect speaks participation am faculty journalism flame remained anyway royalty meant variation usual files bone representative fed herbs officer highlights macedonia gene plastics warehouse citizen adjusted garmin counts poison sally through free travels converted,[15.398916]
anyway probably ss ss remember dm anyway offered especially probably remains especially facts probably anyway also kinda especially translate translate db probably especially sacrifice strengthen accessibility adopt also mem endorsed pharmacies camps remains letter unexpected fossil resumes disclaimers causes buyers includes mandatory perfect seemed participation officer faculty newspapers nirvana remained anyway currently translate variation including files bone representative appropriations herbs officer highlights vienna gene plastics lovely wave oriented garmin counts poison sally through naturally travels converted,[15.489164]
anyway probably ss sucks remember dm anyway offered especially probably remains especially yourself probably anyway also um especially translate tests how probably especially sacrifice divide screenshots adopt also mem airfare pharmacies cio is columns unexpected newspapers churches poll rather buyers includes cancel parameters seems participation isa engaged newspapers reverse remained anyway currently special variation rainbow files bone hosts appropriations herbs storm highlights windsor bodies plastics granny member convertible garmin counts poison sally ir glow saw converted,[11.214988]
anyway ours anyway yeah remember actually anyway extensions denial probably is eg ought probably anyway ought actually regards let tests how would consider philosophy amendments thumbs deferred also protocol endorsed refused continues news reverse unexpected imagine particles impression thereafter situation gave reverse prospective statements amendments pn discrete newspapers disco remained yeah royalty could springs resolution moisture bone followed knit levy storm wake analytical clause fed blame politicians subscriptions plans counts partnership simpson intelligence naturally saw sc,[4.309037]
anyway probably additionally sucks remember dm anyway guarantees especially probably remains especially basement probably anyway likely kinda especially translate translate how policy occurs philosophy strengthen screenshots adopt also node endorsed pharmacies cio remains reverse unexpected imagine churches disclaimers others officer scope starring ideal seems participation progress dts newspapers merry remained anyway currently ratings psi usual files bone row appropriations flour opposed warned carey bodies central lovely politicians convertible garmin counts poison sally through free travels convert,[10.617792]
anyway probably ss ss remember dm anyway offered especially probably remains especially remains probably anyway also um especially translate translate boring probably especially probably strengthen poster probably also mem endorsed pharmacies cio remains reverse unexpected fossil resumes emails causes buyers guards starring perfect seems participation officer faculty newspapers flame remained anyway currently translate variation counted files bone row ordered herbs officer highlights vienna pixels plastics lovely engaged oriented garmin counts poison sally through naturally speaks converted,[16.844028]
anyway probably anyway yeah remember yeah anyway extensions denial probably is especially scenarios probably anyway could yeah occurs let few loves kind occurs philosophy amendments thumbs adopt might females endorsed refused nor is buck unexpected imagine church impression thereafter saw gave failed parameters talked amendments am implied newspapers pace remained purchases royalty could springs mud facts bone row team pushing opposed wake analytical clause fisheries blame senior convertible russia counts poison ruled intelligence naturally saw australian,[5.5084558]
anyway probably ss ss remember dm anyway guarantees especially probably remains especially statements probably anyway also um especially translate translate db probably especially probably strengthen screenshots adopt also mem endorsed pharmacies cio remains letter unexpected fossil syria disclaimers causes buyers includes mandatory perfect seems participation officer faculty journalism flame remained anyway currently meant variation including files bone representative appropriations cattle officer highlights rat gene plastics falls wave strips garmin polls poison sally through switches speaks converted,[17.443861]
anyway probably ss ss remember dm anyway orders especially probably remains especially remains probably anyway also um especially translate translate db probably especially probably strengthen screenshots kind also mem endorsed pharmacies cio remains columns unexpected fossil resumes the the buyers the announced the the the the the the the the the the the the the the bone the the the the the the the the the the the the the the the the the the the,[19.066618]
anyway probably ss ss remember dm anyway guarantees especially probably remains especially remains probably anyway also um especially translate translate db probably especially probably strengthen screenshots adopt also mem endorsed pharmacies est remains letter unexpected fossil resumes the probably buyers plus announced the the cu the the the the the the the the the the the bone the the the the the the the the the the the the the the the the the the the,[18.926266]
anyway probably anyway yeah remember um anyway extensions yeah probably is especially another ought anyway ought yeah regards let snapshot how would consider philosophy amendments xxx deferred also protocol convention hypothetical appears perfectly reverse unexpected imagine wash articles thereafter situation gave reverse parameters talked promotions instrumental conceptual newspapers merry remained purchases treatments could springs yards moisture bone mia knit parliamentary precipitation contributed results clause fisheries blame senior mileage russia counts bloody ruled intelligence naturally saw integrate,[4.564917]
